IGKV3D-11;IGKV3-11
IGHV3-49
IGHV3-72
GATD3B;GATD3A
IGHV4-61;IGHV4-39;IGHV4-59;IGHV4-34;IGHV4-30-4;IGHV4-38-2
RBM47
UHRF1BP1L
SHTN1
TMEM72
ARHGAP10
ARHGEF37
ILVBL
PLEKHG3
SH3PXD2B
NBAS
SMCO3
FUOM
VWA8
SBNO1
GTPBP10
WDR91
MBLAC1
CLEC18A;CLEC18B;CLEC18C
TRAPPC13
CNOT1
PALM3
C5orf51
PRORSD1P
TCAF2
TUBAL3
SMCHD1
ARHGAP42
UNC119B
GLOD5
LIPT2
RGPD3;RGPD4
TTC36
RHPN2P1
NUDT19
UPK3BL1;UPK3BL2
RABGAP1L
WASH3P;WASH2P
RASA4B;RASA4
AKR1B15
NDUFC2-KCTD14;NDUFC2
CNK3/IPCEF1
DNASE2
AGPS
KIF2A
TK2
DDX39A
ACOT7
MYO1F
SNAP23
AIP
GTPBP1
LGALS9
STXBP3
MASP2
ARVCF
SMAP
RAB27B
AP3B1
LGALS8
NDUFS8
PSMD11
PSMD12
PSMD9
ATOX1
PGRMC1
SUPT5H
DFFA
HIP1
CLIC1
EIF3F
WWP2
PDHX
SLC28A1
SULT1C2
MATN2
QSOX1
SLC33A1
WASL
IPO5
EML1
DNM1L
RTCA
PIK3C2A
MANBA
PLOD2
EXOC5
PSMD14
BIN1
KPNA3
STK25
USP9Y
LAD1
FAAH
UPK2
CHL1
VWA5A
SDCBP
PITPNM1
NOP56
DDX3X
RNASET2
PIR
NFIB
PPP6C
CES2
MAN2B1
FBP2
ACACB
CLDN4
PLPP1
PLPP3
ARID1A
SDHD
C2CD2L
DPYSL4
COX7A2L
HSPB6
NDUFAB1
COPE
AP3D1
ENPP3
ABLIM1
GOSR2
TOR1A
ADAM10
ABCD4
TP53I11
APAF1
IMPA2
ACOT8
CDIPT
PDCD5
PRMT5
SLC9A3R1
HSD17B6
TPP1
GNB5
NRP1
TNPO2
MRAS
PSMA7
SCAMP3
PHYH
BCKDK
IFIT3
MGST3
IRF6
TAX1BP3
GIPC1
LIN7A
IKBKB
TIMM23
HAT1
CASK
MYL12B;MYL12A
HGS
RAB29
VPS26C
SLC27A2
GAK
HNRNPDL
XPO1
ATP2A1
SEC16A
KIF3B
PFAS
ANKRD28
ARHGEF11
CHUK
NPC1
DEGS1
SCAMP1
SCAMP2
ARPC1B
ARPC2
ARPC3
POLR1C
PLSCR1
PGRMC2
PFDN6
GNPAT
KMO
LAMA5
ZNF185
SLC22A2
CLIC2
ACOX3
RER1
SURF4
MAPK13
SPTLC1
SPTLC2
PMM2
TM9SF1
HMGB3
PPM1G
INPPL1
EIF3D
EIF3H
SLC16A4
HDAC3
BCAT2
IPO8
STX7
SLC16A3
ABCC3
ABCC4
P4HA2
YKT6
DDX3Y
CYP27B1
PDPK1
TAPBP
DHX15
RNMT
ASAP2
PLXNB1
SIPA1L1
CYB5B
PRPF4
PHGDH
NDUFS4
DYNC1LI2
PSMD3
RBFOX2
PAPSS1
ZW10
SPINT1
TREH
SART1
TGFB1I1
HSPA12A
ADCY6
MTSS1
EEF1E1
PRPF3
TPD52L2
EMC8
COCH
ERI3
FIBP
EIF4G3
PPIH
MGAM
HTRA2
AKR7A2
EPB41L2
WIPF1
ATP8B1
SGCE
CA12
AKAP10
DENR
XPOT
DNPH1
TIMM44
TRAPPC3
CHMP2A
NCK2
PLRG1
ZNF207
NDUFB5
GET3
ACTN4
GSTZ1
GATC
HTATSF1
PRKAB2
AP1G1
STX6
SGTA
LIAS
ENSA
SLC25A20
NARS1
KRT86
MYO1B
SSNA1
NUDT21
LANCL1
SCO2
SLC37A4
IDH3B
NRDC
CALU
AHCYL1
CD5L
XPNPEP2
PDE6D
PEX1
RAD21
AKR1B10
TIMM8A
KALRN
DHX16
ZNRD2
GMFG
PPP1R12B
BNIP3L
PLIN1
PRPSAP2
SMARCA5
SPAG9
AQR
OPA1
KIF1B
KDM1A
TBC1D4
PPL
GSDME
ACSL4
SNX3
NPHS1
OGA
SYNCRIP
RANBP6
NEMF
GMDS
EIF4E2
EXOC3
PDE8A
PLIN3
SLC16A7
PRMT3
KPNA6
UGDH
LPXN
CTNND1
ICMT
EIF1B
SNX2
HPGDS
DPM1
USO1
MRPS14
TOM1
H2BC12;H2BS1;H2BC5;H2BC4;H2BC18;H2BC9;H2BC15;H2BC14;H2BC13
PFKFB2
CCDC22
PQBP1
TIMM17B
PRAF2
DKC1
EIF5B
ZG16
DIAPH2
DNAJA2
BRD4
CUTA
SMPD2
PFDN1
PPP1R11
NBN
DTNB
ABCB7
SRGAP2
FAM20B
WDR1
LDB3
ROCK2
CLASP2
CPNE3
HIP1R
RNF40
ZC3H11A
CLUH
RAB11FIP3
TSC22D2
DNAJC13
PPP6R2
CNOT3
ANKRD17
DNAJB6
XYLB
COQ9
GGCT
NDUFS7
NDUFS2
CDH16
UGT2B11
ZPR1
USP12
NIPSNAP2
PDCD6
TBCA
ATP6V1G1
VPS4B
MPDU1
ENTPD5
MACROH2A1
SH3BGRL
FLNB
NCOR1
NDUFS6
PEX14
TRIM3
SLC43A1
CS
SPAG7
SEC22B
PRPF40A
TACC1
LRCH4
MTX2
PMPCB
MED24
PSIP1
ERLIN1
GPC4
NDUFS3
SRSF10
CLN5
ECI2
BANF1
SF3B1
CSDE1
DAB1
STX11
MTRF1
RPS6KA5
MYCBP2
GCAT
USP2
NPM3
ERAL1
CREG1
SNRNP200
TRMU
TIPRL
TOM1L1
PPM1B
ADAP1
NUP155
RP2
CRTAP
SLC25A12
PALM
ATP6AP2
CDC123
UGT2B17
BCAR3
EIF3G
EIF3J
PSMD10
UPK1B
AP1G2
ZMPSTE24
IDH1
GATB
SCO1
CYP7B1
ATRN
RBBP9
ALDH1L1
SULT1C4
DGAT1
DHRS3
ARL6IP5
DYSF
DCTN3
BBOX1
SMNDC1
ATP5PD
TSPAN9
FLOT1
TRIO
ATP5MG
MPDZ
GLRX3
KRT33A
KRT34
RSL1D1
WFS1
ANXA9
NEBL
SEC14L2
TM7SF2
SNCG
CIAO1
DDAH1
B3GAT3
MTA2
ALDH1A2
STK10
TPPP
SLIT2
LTN1
TOMM70
DDHD2
MYO1D
TOX4
SEC24D
NFASC
UFL1
SORBS2
TMEM63A
FARP2
UBXN7
SUN1
PLPBP
ERLIN2
PRPF6
ABCA8
FRYL
ENDOD1
CDK14
GLS
FBXO21
USP19
WDR47
AP2A2
SEC31A
CLSTN1
HEXIM1
INMT
YIF1A
AGFG2
SCAF4
MFN2
TNFSF15
AKR7A3
UBE4B
ZFPL1
NDUFA7
RTN3
EPN2
STBD1
ZRANB2
SNX4
LUC7L3
SBF1
GOSR1
KAT7
ABCC6
ATE1
VAPB
RASAL1
SNAPIN
FKBP9
CELF2
PGLS
PAPSS2
ABCB11
ATG7
FARS2
LYPLA2
IPO7
TNFAIP8
PGM3
MOCS3
CD2BP2
PAPLN
AHSA1
SLC34A2
APOM
PSMG1
FMNL1
SGPL1
H6PD
SEC24A
SEC24B
VNN1
MPC2
ETHE1
ACSL3
STAMBP
CPSF4
CDS2
RAB3D
ESRRB
SNAP29
OXSR1
GGPS1
HSPA4L
PTBP3
LSM8
AP2A1
DDX58
STAU1
CAVIN2
BAG2
BAG3
MAP4K4
MLYCD
CRYZL1
AIFM1
CLDN1
EML2
GNA14
NUDT14
TSPAN15
BPNT1
DDAH2
ABHD16A
TXNDC12
EFEMP2
RECK
NUDT3
AGR2
BCL10
NDUFB10
CLPTM1
MOCS2
TOMM40
NAPSA
PEX11B
PAK4
ACTL6A
MOCS2
ADH1B
LDHA
ALDH1A1
GLUD1
DHFR
CYB5R3
GSR
PAH
SOD1
CP
F13A1
PNP
HPRT1
GOT2
EGFR
PGK1
AK1
F2
C1R
HP
F9
F10
F12
CFB
REN
CA1
CA2
ASS1
SERPINC1
SERPINA1
SERPINA3
AGT
A2M
C3
C5
CSTA
KNG1
NRAS
HRAS
KRAS
TGFB1
IGF2
IGKV3-20
IGHV3-23;IGHV3-30;IGHV3-30-5
PIGR
IGHM
HLA-B
HLA-DRA
HLA-DRB1
HBD
MB
COL3A1
COL4A1
CRYAB
KRT14
KRT6A
LMNA
SPTA1
APOA1
APOE
APOC3
FGA
FGB
FGG
SLC4A1
CRP
APCS
C1QB
C1QC
APOH
FN1
RBP4
AMBP
ORM1
AHSG
TTR
ALB
GC
PPBP
PF4
TFRC
TF
LTF
HPX
FTL
FTH1
KLKB1
C4BPA
VTN
CAT
RAF1
GBA
FUCA1
PROC
ALDOA
CSTB
ANXA1
APOB
SOD2
LCAT
OAT
HRG
THY1
A1BG
KRT1
GAPDH
ASL
HLA-A
HLA-DPB1
ERBB2
CAPNS1
MT1E
AMY2A
CYBB
RPN1
RPN2
GNAI2
SLC4A2
ATP1A1
ATP1B1
ALDOB
APP
ARG1
APOD
ALDH2
ITGB3
ITGB2
S100A8
SLC25A5
SERPINA5
SERPING1
CFI
LGALS2
MPO
PCCA
PCCB
ALPL
EIF2S1
FGF1
RPLP1
RPLP2
RPLP0
FABP3
CLEC3B
SSB
SERPINA7
SERPIND1
ITGB1
PRKCB
KRT18
KRT8
CALB1
MYL1
UROD
UGT2B4
INSR
GLA
GSN
PTMA
CDK1
ATP5F1B
C2
S100A9
S100A6
APOA4
EIF4E
CKM
ENO1
PYGL
NPM1
TPM3
ITGAV
LPL
HEXA
SERPINE2
EPHX1
DBI
FABP1
LDHB
NEFL
NEFM
GPX1
PGK2
PROS1
P4HB
H1-0
ACYP1
CRYGD
ADH1A
FES
CTSD
ANXA2
C8A
C8B
C8G
CAPN1
TUBB
CA3
DCN
PSAP
HEXB
CTSL
PFN1
BPGM
APRT
EPRS1
CTSB
HSP90AA1
GALT
HNRNPC
UMOD
LAMB1
LYN
TPM2
FH
THBS1
IGF1R
COL1A2
ANXA6
ABCB1
SLC3A2
GUSB
PFKM
HSP90AB1
SRPRA
ASNS
MMP2
GSTA1
HMBS
MME
MGP
LPA
PDHA1
PLEK
CD14
COL4A2
PTPRC
SNRPB2
MELTF
MYL3
CFH
SNRNP70
ITGA5
NFIC
VIM
SERPINF2
RPS17
KRT19
KRT7
GNAI3
ANXA5
KRT16
STS
RPSA
CD63
MRPL3
SNRPA
FGF2
ENO2
ACAA1
SRP19
GSTP1
MMP7
MMP10
VIL1
LGALS1
QDPR
HMGB1
RBP1
FBP1
GNAO1
SPARC
GSTM1
TPM1
CLTA
CLTB
ANXA4
CNP
HMOX1
PDGFRB
DLD
HNRNPA1
SNRPA1
CTSH
COX6C
TACSTD2
LCT
C1S
PARP1
IFIT2
IFIT1
ALOX5
UCHL1
LTA4H
ALDOC
NUDT7
C4A
H2AZ1;H2AZ2
KRTAP2-3;KRTAP2-4;KRTAP2-2;KRTAP2-1
CISD3
IGLC6
GSTT2;GSTT2B
MT1HL1
HSPA1A;HSPA1B
U2AF1L5;U2AF1
CALM1;CALM2;CALM3
AMY1B;AMY1C;AMY1A
FDX1
RO60
GAA
RRAS
ARAF
SPP1
DLAT
PTPRF
TXN
CTSA
CYP2C8
CYP2D6
MAPT
C7
PRKAR1A
UROS
ESD
HSPD1
HSPA5
LAMC1
ACP2
MAP2
SLC2A1
SLC2A2
EPB41
UMPS
PDHB
DBT
ITGAM
PYGB
PYGM
RALA
RALB
NAT2
BCR
SPTB
LAMP1
ACADM
TOP1
G6PD
UBL4A
PC
EPX
IGF2R
CDK4
PRPS2
PABPC1
PCNA
NEFH
COX6A1
HARS1
COL6A1
COL6A2
COL6A3
SLC25A4
SLC25A6
IMPDH2
TPR
CKB
ANXA3
CKMT1A
BCKDHA
ACTN1
ACE
MYL4
CDH1
MYH1
MYH7
SRC
PEPD
XRCC6
XRCC5
UNG
IFI30
HOXD8
LAMP2
RNH1
CYBA
MYH6
MYH8
CYP4B1
NCAM1
VCAN
MT1G
KRT10
KRT13
KRT5
PDIA4
C6
P4HA1
ACP5
TPT1
ALAD
PRG2
LCP1
PLS3
APEH
ETFA
GYS1
PRKAR2A
SLC5A1
ENO3
MIF
FOLR2
PRKCSH
HCLS1
FDPS
CPM
NID1
AKR1A1
PKM
HSP90B1
MYL6B
SNRPB;SNRPN
IDE
MMP9
COX6B1
DARS1
DAO
JUP
UQCRB
CPA1
CPB1
CPA3
FABP4
AKR1B1
RAC2
GSPT1
ACP3
EZR
ATP6V1B1
FOLR1
UCHL3
HPGD
CD46
NME1
NQO1
GNS
PHKG2
ARSB
RPS2
DSP
TIMP2
ALOX15
CD44
NQO2
ITGB4
CBR1
ANK1
ACADS
CREB1
GLB1
PECAM1
PPP3CB
NCK1
H1-5
H1-2
EPCAM
POR
DPEP1
EPB42
MGMT
ATP2A2
UGT2B7
CD36
PLCG2
FAH
STMN1
YBX3
ZNF22
NAGA
HMGA1
TMEM11
GOT1
BPI
PRKCA
ITGA2
NPR3
SMPD1
UBTF
AKR1C4
CKMT2
PRKACA
CAPN2
DES
CTPS1
ENG
DDX5
PFKL
GM2A
LGALS3
FLT1
PSMC3
TCP1
PTPN1
IGFBP2
RPL35A
ITGB5
ARF4
RPL7
VCL
LBP
PTPRA
NAT1
ITGB6
NELFE
RPL17
PGAM1
RCC1
SDC1
XRCC1
KRT15
KRT4
CDH2
PLCG1
VCAM1
NCL
HK1
POLR2C
POLR2E
ERCC3
TRIM21
SLC9A1
CSNK2A2
AOC1
ITIH2
ITIH1
NFKB1
TYMP
ATP2B1
HLA-DPA1
EIF2S2
TCN2
ANXA7
TPSB2;TPSAB1
BTF3
RAB3A
RAB4A
RAB5A
RAB6A
PVALB
MX2
PSMB1
M6PR
COX5A
LMNB1
DDC
PZP
OGN
CAST
CYP3A5
HNF1A
RASA1
CDK11B;CDK11A
GSTM3
ATP6V1B2
ATP6V1C1
CSRP1
FLNA
NF1
MAOA
ACO1
AGXT
NT5E
GPD1
VDAC1
BGN
SDHB
BCKDHB
COMT
TGM2
MMUT
OSBP
PCMT1
FBL
RPS4Y1
GART
CDH3
PAICS
SCP2
UBA1
GPX3
NME2
ENPP1
FDXR
HNRNPA2B1
CBL
IGFBP4
PRKACB
UQCRC2
CA4
CPN2
FECH
MRC1
CES1
TCEA1
PTGS1
ITGA6
TUBG1
PPIB
S100A1
GLDC
WARS1
RPS3
GCSH
JAK1
PTPRD
PTPRG
SP100
AHCY
CFL1
ATP2B4
DGKA
CPT2
DTYMK
RRM1
CMA1
LAMA2
GPT
KDELR1
NR2F2
EEF1B2
ATP5PB
IGFBP6
IGFBP5
ACP1
ACAT1
TNC
MYL9
DNASE1
POLR2A
CDK2
GRK2
MPZ
MCM3
AZGP1
MPST
RPS12
DNAJB1
DNAJB2
ATP5F1A
CTSS
PSMA1
PSMA2
PSMA3
PSMA4
CD40
ITGA3
MSN
DDX6
CTNNA2
U2AF2
RPL13
IVD
S100A4
HMGB2
PTBP1
TARS1
VARS1
EEF1G
FKBP2
STOM
AK4
ANXA13
MAOB
YWHAQ
MAPK3
CALML3
DPP4
RPL10
RPA1
APEX1
DCK
CAD
CALR
MAP4
CANX
PIK3R1
PSMB8
PSMB9
PSMA5
HLA-DMB
PSMB4
PSMB6
PSMB5
GSTM2
ABCD3
TMOD1
ITPRID2
ACADL
NDUFS1
ADH6
SMARCA1
MAPK1
GCA
RXRB
GRN
PTPRM
LAP3
HSD11B1
CD38
TPP2
IMPA1
CCN2
CRABP2
TKT
NOS3
LMOD1
PML
SERPINA4
EEF1D
OAS2
CRABP1
AQP1
GNA11
ALDH4A1
PBLD
ERP29
PRDX6
BLVRB
DDT
GCHFR
PRDX3
RPL12
ECHS1
CMPK1
PEBP1
PDIA3
PPP2R1A
CDC27
PPIF
NMT1
HLA-F
HMOX2
ADSS2
LRPAP1
TSPO
ADSL
PKLR
CLIP1
SRI
GSTT1
SERPINB1
ALDH1B1
POLR2B
SDHA
CORO1A
GDI1
S100A7
MAT2A
PRKAR2B
CPS1
SDC4
TIA1
FMO4
SLC5A2
AKT1
AKT2
UQCRC1
HIBADH
ATIC
HNRNPH3
HNRNPH1
YWHAB
SFN
STIP1
S100A11
L1CAM
PRDX2
GK
CDA
DCTD
PYCR1
SLC8A1
GBP1
GBP2
ELF1
HPD
GTF2H1
CTH
RPL9
ACSL1
KIF5B
CSTF2
CYP2C18
CYP2C19
DUT
GUCY1A2
ABCD1
MCM4
MCM7
GALNS
RNASE4
SHMT1
SHMT2
EPHX2
HSPA4
MPI
CA8
CTNNA1
CTNNB1
PHB
SERPINB6
NF2
RDX
RPA3
RFC4
RFC2
RFC1
RPL22
GTF2F1
SPR
FBN1
PCK1
AGL
G6PC1
MYH9
MYH10
COPB2
ACTN2
SOAT1
ADD1
ADD2
BSG
FUS
DEK
HNF1B
MYH11
GLRX
PPM1A
IGFALS
KRT2
HMGCL
PSMC2
CHI3L1
GGT5
ARL2
ARL3
MAP2K2
ATP5F1C
ATP6V1E1
CPOX
ARR3
RPL4
NUDT1
LONP1
PGM1
PPP1CC
GNL1
SERPINF1
DLST
GMPR
GPX4
NUP62
HPCAL1
TAGLN2
TALDO1
SNCA
ETFB
RBMX
GGCX
LIPA
ATP6V1A
HSPA9
RPS19
RPL3
COL15A1
COL18A1
DDOST
ANP32A
FEN1
CAPG
CAP2
TXLNA
CCT6A
ADH7
RPL13A
ARL1
STAT3
USP8
PEX19
MDH1
MDH2
RFC5
RFC3
EIF2S3
CASR
AQP2
CETN2
EIF2D
MNDA
PRPH
BUD31
UBA7
NAA10
HNF4A
PPP1R2
CSK
GARS1
IARS1
EIF1
PRKCI
ACTR1B
ECI1
TMPO
STAT1
STAT6
STAT5A
AKR1C3
ARHGAP25
PIK3CA
MTOR
HAL
EPS15
ACAA2
RPL35
HTT
ECE1
MTHFR
SLC1A1
MCAM
CRAT
MSH2
BTD
SSR1
ALDH3B1
SYK
RANBP1
NAMPT
AFM
PSMC4
TSFM
ASPA
ACADSB
CBX5
USP5
MAPK9
MAP2K4
PHKA2
RANGAP1
RECQL
CRK
CRKL
BAG6
NSF
CDKN1B
BRCC3
RPL27A
RPL5
RPL21
RPL28
RPS9
RPS5
RPS10
MAP1B
GNPDA1
NEDD4
YAP1
IQGAP1
HAAO
GYG1
RABIF
PLA2G4A
RAP1GAP
CAPZA2
CAPZB
EIF1AX
ALDH1A3
QARS1
LGALS7
UQCRFS1
ATP5PO
LIMS1
PREP
ME1
IREB2
REG1B
PIP4K2A
ARCN1
LSS
GCLC
GCLM
CD151
PCP4
TRAPPC10
PSMD8
SERPINB4
SERPINB10
GSS
CCT5
PTDSS1
HSPA13
AMT
CSNK1A1
CSNK1D
IDH2
PITPNB
MASP1
SLC9A3
ADGRE5
CAMLG
MAPKAPK2
ALDH9A1
RPL34
RPIA
LMAN1
NASP
FMO5
FASN
FNTA
FNTB
CCT3
MRPL19
ARRB1
TUFM
ALDH7A1
INPP1
SRP9
UBE2A
PCYT1A
AARS1
CARS1
HARS2
PPM1F
PSMB3
PSMB2
MCM2
ACADVL
YLPM1
VPS41
TMED10
RBM25
NUMB
PSEN1
EIF2B2
HINT1
FHIT
RANBP2
TSC2
NDUFV1
GSK3A
GSK3B
DIO1
NT5C2
SEPHS1
MTHFS
GMPS
LIG3
LIG4
MRE11
ENTPD1
KHK
HNMT
GNAQ
IDH3A
SULT1A1
CRIP1
PPOX
GDI2
EMD
CPT1A
GATM
SLC26A2
SERPINB8
SERPINB9
SERPINH1
PDLIM4
ST13
PEX5
VASP
DNM2
METAP2
NUDT2
CDK7
RASSF2
CDK9
BCAM
PPT1
RPL14
CCT8
CCT4
ANXA11
PAPOLA
FXR1
FXR2
RAB5C
RAB7A
RAB9A
RAB13
RAB27A
SCNN1G
PLCD1
DAP3
DUSP3
NOVA1
SMARCA2
SMARCA4
IDH3G
GALK1
SSR4
BCAP31
P2RX1
TPMT
CYP2J2
RENBP
MECP2
HCFC1
ALDH3A2
ALDH5A1
HSD17B4
UBE2D1;UBE2D4
SUOX
SGSH
ARSD
STAT5B
USP11
CLCN5
CLCNKA
DYNLT3
RPS6KA3
HDGF
LUM
PRELP
CNN1
NDUFA8
HNRNPA3
PGD
HNRNPM
KPNA1
NCBP2
RAP1GDS1
POLR2H
MAP2K6
ARHGDIA
ARHGDIB
AGFG1
HNRNPF
STAT2
MSH6
VAV2
RIDA
SMS
HK2
HK3
MRPL12
THOP1
AKR1C2
CAPZA1
NUP98
BLVRA
SLC25A1
PPP5C
ARFIP2
ARFIP1
NUDT6
NUBP1
ACLY
COL4A4
METAP1
SUCLG1
MVD
PGGT1B
RABGGTB
COPB1
COPA
CTSC
AP2S1
HCCS
MAPK12
MAPK10
SMTN
PLAAT3
IST1
SEC24C
POLG
CLNS1A
RARS1
CACNA2D1
YARS1
USP14
PRKAG1
PRKAA2
HSPA2
ATP1B3
RAD23A
RAD23B
PDE1A
EPHB4
ARSF
NAGLU
GALC
AK2
HMGCS2
ALDH18A1
NAPA
ADPRH
AIF1
EIF5
SLC12A2
SLC12A3
PSMD4
DRG2
RRAD
PLTP
CSE1L
VCP
MFAP4
HADHB
MANF
MTTP
NCKAP1L
AFDN
NAP1L1
CASP7
CASP6
ADK
ADAR
LAMB2
CDH6
CDH11
CDH13
TPD52
SEC13
NPEPPS
HNRNPH2
OXCT1
FCGRT
GFRA1
MARS1
AP1S2
ATP5F1E;ATP5F1EP2
EIF6
NDUFA6
PEX3
HSD17B7
BCAR1
CFAP298
TMEM33
SYNJ2BP
PCBP3
RAB25
CORO7
CLDN2
NUP107
EEFSEC
SESN2
EPPK1
MTPN
NLRP6
AP3S2
ARPC4
CD81
TPI1
EIF3E
SEC61B
PPP4C
UBE2G2
MYL6
ACTB
EIF4A1
RPS20
PRPS1
PSMA6
S100A10
CDC42
DSTN
GMFB
RAB8A
SRP54
RAB4B
RAB2A
RAB5B
RAB10
UBE2D3;UBE2D2
UBE2M
UBE2K
UBE2N
RAB14
ACTR3
ACTR1A
COPS2
ARF3;ARF1
ABCE1
RAP1B
RAP2B
RPS3A
PSME3
RPL15
MAGOH
RPL27
ATP6V0D1
PCBD1
RPL37A
RHOA
NAA20
NCALD
HSPE1
SEC61A1
VBP1
STXBP1
DAD1
NPC2
COPZ1
SUMO2
DCAF7
WDR5
AP1S1
NUTF2
HNRNPK
YWHAG
RRAS2
TIMM10
TSPAN5
RPS7
PPP1CB
PSMC5
RPS8
RPS15A
UBE2G1
UBE2H
YWHAE
RPS23
RPS18
RPS29
RPS13
SNRPE
LSM3
LSM6
SNRPD1
SNRPD2
SNRPD3
ARF6
PSMC6
SELENOT
RPL7A
POLR2G
RAB11A
ETF1
CNBP
RPS4X
PPP2CB
ACTA2
RHOB
RPL23A
RPS6
H4C1
RAB1A
RAN
RPL23
RAP1A
RPS15
RPS24
RPS25
RPS28
FAU
GNB1
GNB2
RPL30
RPL31
RPL10A
RPL32
RPL11
RPL8
PPIA
FKBP1A
RPS27A
GRB2
TRA2B
RAC1
AP2B1
VAMP2
GNAI1
YWHAZ
PPP2R2A
DYNLL1
DYNLT1
RPL38
SKP1
EIF5A
RACK1
ACTG2
YBX1
SEC11A
CSNK2B
TPM4
UBE2L3
EEF1A1
TUBA4A
TUBB4B
PAFAH1B2
HBB
NOMO3;NOMO2
HBG1;HBG2
HBA1
CXADR
SH3BP2
IGBP1
CYP4F2
PSPH
EIF4G2
RPP30
GTF2I
PIP4K2B
CLDN10
CCT2
KRT83
KRT85
RAE1
GSTO1
KCNJ10
PRKDC
ADAM17
BLOC1S1
ARG2
MAP1A
CRADD
GPLD1
LCN2
IFI35
NUCB2
HSD11B2
ABAT
BASP1
DCD
SLC7A9
MRPS22
MRPS25
MRPS10
MRPS35
MRPS5
MRPS36
MRPS11
MRPS15
MRPS34
MRPS9
HMGN5
SARNP
RBP5
LACTB
COG7
RPL24
RPL36A;RPL36AL
CBX1
ARF5
ERH
RHOG
RPL19
SRSF3
FOXK1
CCZ1B;CCZ1
DAB2
HSPG2
LRP2
XIAP
EFNB1
RBM10
RBM3
ATP2C1
ATP11A
CYCS
MPP1
TFAM
PITPNA
MAT1A
SLC25A3
HDLBP
GTF2B
CDK6
CDK5
PURA
CDC42EP1
CLTC
NFKB2
FKBP3
SORD
HNRNPU
PLIN5
SPTBN1
TIAL1
SET
SRSF2
GALK2
AMPD3
CTBS
FABP5
ANK2
CAP1
HMGCS1
IL1RL1
DR1
FMO1
EXOSC10
PFKP
XPC
EWSR1
COL4A3
OCRL
PLCB3
TAGLN
AKAP17A
NAAA
GUCY1A1
DHODH
GUCY1B1
OGDH
ALDH6A1
CYP27A1
BDH1
COL7A1
DSG1
H1-1
RPL18A
MAP2K1
TEK
PLOD1
NUCB1
RPL6
CYP4A11
AKAP12
SLC25A11
DST
GSTM4
CAV1
LMNB2
PTS
MVK
PTH1R
TAP1
TAP2
UBXN1
GBE1
FOLH1
EIF4G1
ATP7A
KRT17
TLE3
HGFAC
GLO1
ACVR1
AKR1C1
SSBP1
YWHAH
PLP2
CSTF1
UBE3A
PTK2
LIPE
PRKCZ
SRSF11
PRKCD
CALD1
COL14A1
FAM160A1
ITIH3
KDSR
PPAT
GFPT1
EXOSC9
AOX1
PSME1
SLC34A1
SULT2A1
PAX8
FMR1
FMOD
PRDX1
CDK18
RPL18
C1QBP
CKAP4
ENPEP
TJP1
DPT
KHDRBS1
BAX
BCL2L1
SLC3A1
LRP1
SRSF1
CYP24A1
SRSF4
PCDH1
PPP3CA
DHX9
GOLGA3
GOLGA2
LGALS3BP
EHHADH
MFGE8
CYP4F3
PDE4D
DSC1
PUDP
CD47
PPID
FGL1
SSRP1
SLFN5
ACSM1
ACSM2A
VAC14
NSUN2
RBBP4
NCBP1
AHNAK
ELP6
HSPA14
CGNL1
NEXN
MGAT2
GALNT2
GALNT1
AP1B1
CPSF1
PMPCA
WASHC5
NUP160
ARHGEF5
TBL3
TWF1
HYAL1
ASPH
EFEMP1
SMARCB1
FSTL1
STX4
GRSF1
NFIA
SF3A3
DPYD
TP53BP1
TRIM26
AIMP1
ILF3
LMAN2
EPS8
TRAP1
ANK3
DLG1
MYO1E
PPP1R8
ABR
BNIP1
BNIP3
CSTF3
ECH1
STRN3
CDC16
STK4
FLII
COASY
MRPL28
ACACA
LCP2
USP4
PDZK1IP1
IK
MTAP
PRKAA1
PPFIA1
CALCOCO2
EIF2B5
TARDBP
HNRNPA0
PAK1
AIMP2
PRDX4
PAK2
SLC13A2
CBX3
STK3
STX5
PSMD2
DNAJC3
PAPPA
CHIT1
SRSF9
SRSF5
SRSF6
TRIM28
STX3
G3BP1
PTK7
PABPC4
ATM
GRB10
IFIT5
MTA1
EIF3I
CTBP1
MYO7A
UBE2V1
MRPL49
DYNC1I2
ILK
NNT
SNTB2
XRCC4
TCOF1
SF3B2
OS9
GOLGA4
ADAM9
TMED1
FKBP5
MYO9B
ROCK1
GAB1
MTM1
SQSTM1
MTX1
ASAH1
PPP1R1A
PRPF4B
PIN1
RIPK1
HDAC1
CAMK2B
CAMK2G
CAMK2D
DCTN2
NAE1
DGKZ
IQGAP2
STIM1
TRA2A
SNX1
PEX6
CUL2
CUL3
CUL4B
SLC12A1
TP53BP2
GFUS
RAB32
TPBG
FHL1
FHL3
ITGA7
AAMP
MOGS
ALCAM
THOC5
ARFRP1
SHROOM2
SPTAN1
AUH
PKP1
DDX39B
BLMH
EXOSC2
SNTB1
GTF2H2;GTF2H2C
BYSL
IDI1
CAPS
CUX1
IL16
CKAP5
CIRBP
CAMK1
COTL1
HNRNPD
SCARB2
NID2
DPYS
DAG1
PDE1C
DSG2
TRIM29
UBE4A
SEPTIN6
MORC3
SAFB2
ARHGEF7
EFR3A
UBAP2L
SCRIB
GIT2
MLEC
TTLL12
MPP2
DOCK1
FHL2
CRMP1
DPYSL3
MRPL58
DCTN1
DYNC1H1
EIF2B1
EIF4A2
ELOA
MAP7
ENDOG
FLOT2
RCN2
TRIM25
PTK2B
FLNC
FKBP8
GNA13
GAMT
GALE
LRRC32
CAPRIN1
GRB14
GRB7
SPARCL1
FAT1
HABP2
KRT33B
PDIA5
PRPSAP1
DHX8
MCM6
ITPR2
ITPR3
DSC3
ITIH4
INPP5A
ITPR1
RASA3
PLS1
IRF3
TRIP12
PUM1
CLINT1
KANK1
SMC1A
DIP2A
PDCD11
USP10
MESD
GANAB
RFTN1
PPP2R5D
LBR
COG2
GNMT
MVP
LTBP1
LTBP2
GOLGB1
CASP8
MEF2D
CHD4
LASP1
CRYM
PTGR1
SLC17A1
DRAP1
KPNB1
NUMA1
PSME4
CUL7
SLMAP
GAPVD1
NAA25
SPCS2
EMC2
WTAP
PSMD6
HERPUD1
ABRAXAS2
SEPTIN2
SART3
EFTUD2
LARS2
SNX17
ARL6IP1
RAB3GAP1
SLC39A14
KARS1
RRS1
ARHGEF6
EIF4H
ACAP2
BRD3
WDR43
POSTN
ACOX1
EEA1
PDIA6
PAFAH1B3
PLCL1
PCOLCE
PDK1
PDK2
PDK3
PEA15
PGM5
EBP
PMVK
PRKD1
PLEC
PCM1
NOMO1
PON2
PPP2R5A
PPP2R5B
PPA1
PTGES3
STK38
NONO
PTPA
PTPRK
PWP2
QPRT
RABEP1
RASA2
RNPS1
RBBP5
RCN1
KRT31
TMED2
PCBP1
PCBP2
ELOC
ELOB
EPHA7
RHEB
UBE3C
TOMM20
SF3B3
PUM3
RSU1
CNN3
RPS6KA1
SAFB
SF3B4
SF3A2
PPP1R7
SEC23A
SEC23B
CYTH1
SF3A1
SKIV2L
FCN2
RGN
CDSN
SURF1
TERF2
MAPRE2
TGFBI
SLC9A3R2
TRADD
TSN
SF1
TRIP10
MED1
HMGN3
TRIP6
MAPRE1
ELAVL1
NSDHL
SLC1A5
SMAD2
SMAD1
ITSN1
TBCE
TBCC
UBE2V2
CST6
STXBP2
NEDD8
SLC14A2
ATP6AP1
RAB11B
ZYX
ETFDH
SEPTIN7
ADRM1
IGFBP7
SLC15A2
INA
LAMA4
PSMD5
PKN1
PKN2
DDB1
PPP2R5E
MAPK14
CDC37
DPYSL2
SYPL1
RBBP7
SGCB
FXN
ECM1
BAK1
OCLN
SRSF7
CPSF6
MAPKAPK3
PTGIS
PDK4
FSCN1
IFI16
CYP1B1
CYP2A13
DECR1
MAN2A1
NDUFA5
KYNU
CLPP
TST
KYAT1
HAGH
H2AC20;H2AC18
LAMA3
NDUFA9
ME3
RTN1
PCK2
PTPRO
UPP1
HADH
CYP51A1
UGP2
AOC3
DGUOK
ATP6V1F
PFKFB3
UGT8
TXNRD1
TPD52L1
TATDN3
FAM98C
CPEB4
SLC5A12
HNRNPUL2
INF2
MGAM2
AAK1
MPEG1
WASHC4
EXOC3L2
SLC5A9
RALGAPA2
DPY19L1
IAH1
SMTNL2
QRICH1
SMU1
HKDC1
LRRFIP1
TRMT5
UAP1L1
SLC25A35
GRAMD1B
TKFC
LSM12
RGL3
ADCK5
HSDL1
ALDH1L2
RABL6
VMA21
LGALSL
PARP14
SLC36A2
GLYR1
MTERF2
VPS26B
LARP7
NADK2
ACSF3
PREPL
TBC1D10B
ANO6
PLCH1
SLC22A6
GRIPAP1
TMEM119
MIX23
FAM98B
PDCD4
FNDC3B
GPAT3
NCBP3
TP53I3
HIKESHI
ACSM3
PDLIM3
HSD17B12
USP39
KLHL22
AGK
LACTB2
PYCR3
EIPR1
SMUG1
RAB6D
BOLA3
TMEM177
COBLL1
HS1BP3
CYBRD1
WDR81
ACTBL2
CCDC93
OCIAD2
TMEM97
ALG10;ALG10B
ZNF326
MEST
RILPL1
PDZD11
VWA2
HERC4
PIGG
PPP6R3
MTX3
RABL3
COQ5
CRB2
EMC4
EARS2
MIA3
PITRM1
NHLRC3
DOCK11
RRP12
COA6
TOR1AIP1
AARS2
TOR2A
PCID2
COLEC12
WDR45B
ENTPD8
EOGT
TBCEL
DNTTIP2
RABGAP1L
TTC38
COX20
TMEM201
C6orf136
NUP188
PHYHD1
HP1BP3
VARS2
SLC25A30
CEP170
LDLRAP1
ODR4
FREM2
HYI
TPRG1L
CC2D1B
RARS2
THEM4
FKBP15
ARMH3
MPP7
PDZK1
HECTD3
KIAA1217
ARHGAP21
MRPL2
UBAP2
IDNK
C9orf64
KPRP
ACBD5
RBM26
WLS
INTS11
DCAF8
FRY
ATPAF1
MAGI3
FHL5
DDI2
H3-2
NT5DC1
TMCO4
MICOS10
ARFGEF3
VPS13D
LYRM7
EMC10
VPS53
STRIP1
CDC42BPA
RPRD2
ANXA8L1
KLHDC7A
PRPF38B
TTC39B
RNF20
FAM171A1
ARHGEF16
YOD1
BROX
FOCAD
SNX30
DAB2IP
LYPLAL1
RNLS
DENND4C
CARMIL1
KRT79
MICOS13
RNF123
PLCXD3
EGFLAM
TNS2
KANK2
WASHC2A
STEAP3
FAM91A1
TBC1D9B
MAP1S
PPP2R2D
ATG16L1
ACSM2B
GLT8D1
TNS3
MBLAC2
PLA2G4F
INTS3
ARHGAP17
SLC6A19
CWF19L1
VIRMA
SPECC1L
ATL3
RPL7L1
NXN
H2BC20P;H2BC19P
CDC42BPG
SFRP4
CIAPIN1
SMYD5
RALGAPA1
ABLIM2
NADSYN1
ELP2
LAMTOR1
DHRS7B
GLYAT
TWF2
TANGO2
PPP4R3A
ETFRF1
NAPEPLD
RAB12
PLEKHA7
ACAD10
PDE12
CAPN13
OGFOD2
NAA16
SLC25A24
REEP3
RETSAT
ACSM5
RINT1
TMEM214
UGT3A1
CRACDL
HIBCH
ARMC6
ESRP1
JMJD6
CAVIN1
ZCCHC8
RPUSD3
LPCAT3
CDC73
MRPL14
SLC27A4
LLGL2
CC2D1A
TATDN1
LETMD1
EDC4
PRPF8
TTC27
SFXN4
PLBD1
GOLM2
FAHD1
KLC3
PDXDC1
MEAK7
INTS5
VWA1
SLC27A1
EMB
PGM2L1
CTR9
TTC37
IYD
DARS2
TMEM65
MYO7B
NCEH1
RHBDF2
BRAT1
ZC3H14
OGFOD3
LARP1
TMED8
SLC30A9
DEGS2
PAOX
BLOC1S2
RICTOR
METAP1D
MTHFD1L
AFTPH
FIP1L1
CRTC1
MOXD1
CYP20A1
POGLUT2
TMEM205
LRSAM1
UGT2A3
DHRS11
LCLAT1
ENPP6
GLB1L
OLFML1
CWC27
DHRS13
METTL7B
PLXDC2
NPNT
WDR82
FAM151B
APOOL
BAIAP2L2
DPP8
PACS1
MPRIP
RAB11FIP1
RBMS3
HACD2
B3GLCT
GIGYF2
CD109
HSDL2
KYAT3
PPP1R21
ADAMTSL5
THSD4
GDPGP1
CCDC141
SLCO4C1
IDO2
QSOX2
FAM83H
RBPMS2
RIPOR1
NBEAL1
TMPPE
TRIM67
PIK3AP1
GPRIN3
NUDT18
TOM1L2
CYP4V2
TMTC3
MOB2
UNC13D
IKBIP
TUBA1A
RPS27L
CBLL1
CCDC80
HECW1
SUPT6H
SND1
MARK2
COX15
DDX46
RUFY3
TRMT10C
LRRC8D
ASRGL1
DHX30
EIF3M
ARMCX2
PARS2
RRAGA
CYFIP1
NDUFAF7
GET4
GDPD3
COPS6
LPCAT2
ENOSF1
EPM2AIP1
DHX32
TAOK1
RAB11FIP2
FASTKD5
MOB1B
KDM3B
RRM2B
HS2ST1
MICAL3
PHF5A
SLC16A9
ERMP1
TRMT1L
ZC3HAV1
MRPL21
EFL1
MAMDC2
TRAPPC11
NUP54
ATG9A
DGLUCY
VPS35L
POGZ
ZFYVE16
MON2
UBE3B
MYH14
NUFIP2
MAVS
CLASP1
DHX29
COMMD6
HDDC2
POGLUT3
HEATR3
KIF21A
HDGFL2
DCXR
GOLGA7
WAPL
PODN
IRF2BP2
HSD17B13
C5orf24
ARPIN
TECPR1
MTERF4
HUWE1
YTHDF3
KRT77
PXK
UBE2Q1
MRPL55
ABI3BP
TMED4
MRPL10
CENPV
PHLDB2
GLRX5
TRAPPC6B
PIP4P1
MOB3B
DPP9
SYVN1
PRUNE1
SETD3
TTC7B
ADCK1
ISCA2
METTL3
PBRM1
YRDC
TMEM135
MTDH
TSPAN33
MAGI2
KTN1
PDZD3
NLRX1
PHLDB1
FERMT3
AACS
LUZP1
ALYREF
CD163
SLC25A42
ZC3H18
VPS36
CAND1
RETREG3
HOOK3
COMTD1
COMMD7
MON1A
TSPYL5
THOC6
METTL16
BPHL
ZC3HC1
SBF2
CHD1L
LDHD
RALGAPB
LSR
CARM1
COMMD2
HEATR5A
HOGA1
ANKLE2
DDX42
FRAS1
NDUFA11
DNAAF5
STX12
ECHDC2
ERO1B
PDSS2
THNSL2
GATAD2A
RASAL3
IRF2BP1
RHPN2
ERC1
TRAPPC5
ARMC8
LRRC49
PHYKPL
TBC1D10C
PLD3
HID1
ANKMY2
PRR15
VRK3
NUDCD3
FMNL3
NOSTRIN
CCDC50
SBSPON
MCAT
GLYCTK
MISP
NAXD
WDR75
SLC44A2
WDFY1
TEX2
FAM114A1
HSCB
PHF6
ZBTB8OS
LRRC8A
LMTK2
UBR1
ARHGAP12
ADHFE1
CHERP
ANKHD1
SUGP2
UEVLD
CCAR1
DNAJC10
NELFCD
RHOT2
RHOT1
SIRT2
PHC2
MSRB3
BAP18
MRPL41
NRM
PALM2
FAM126B
RBM12B
SLC35F2
PNPLA6
RAVER1
TMEM192
DIS3L2
SUPV3L1
GSPT2
EXOC8
THNSL1
KIAA2013
HACE1
MICU2
ANKRD13A
PHACTR4
ELMOD2
ALDH16A1
SCYL3
ABI1
WDFY3
SELENOH
RDH10
FAM185A
FCSK
CLYBL
SPART
FAM177A1
CNPY4
ORMDL3
ADSS1
CCAR2
NDUFAF2
C4orf33
VPS52
NUP93
CMTR1
LRRC47
KRT78
CA13
SLC39A11
INTS1
PROM2
ARMC10
GHDC
PYROXD2
GPD1L
SLC43A2
ARHGAP18
PPM1K
VPS8
TCAIM
MPP5
STAG2
SYNPO
SDR16C5
CPXM2
D2HGDH
SFRP1
PNKD
MINK1
SLC44A3
KLHL36
HDDC3
ZADH2
CHCHD4
MARVELD2
CBR4
AFAP1L2
AFAP1
OXR1
DHRSX
CISD2
ATPAF2
TTC9C
JAGN1
MRPL50
NGEF
AADAT
FAM160A2
COMMD1
CPSF7
SLC5A8
MYCT1
ARFGAP2
FITM2
ARFGAP1
SLC66A3
EMC1
PAF1
CCNYL1
ANKRD44
PTGR2
ANKS4B
ATP6V0D2
ABTB2
ASCC1
LRRC57
KRI1
POMGNT2
GATD1
ATP11C
AVL9
GOLM1
COLGALT1
POGLUT1
TMEM87A
RDH13
HSD17B11
TXNDC5
ATAD1
SCCPDH
RETREG2
SERBP1
LEMD2
NOA1
NECAP1
FAM98A
PLA2G15
MTMR14
DYNC2H1
PDPR
GALNT11
RNF214
PPFIBP2
LSM14A
CCNY
PNMA1
MROH1
NPEPL1
CHDH
ABCF1
MCU
PIK3C3
APPL2
SLC30A7
ATP6V1C2
FBXO22
LPCAT1
DOCK8
SYNE1
ARID1B
FLAD1
NUP43
NUP37
REPS2
ENGASE
BBS1
TOR1AIP2
ABHD11
CMAS
CADM4
TSPAN14
TTL
AKR7L
PLBD2
RASSF8
TDRD7
NCOA7
MCFD2
THOC2
PATJ
PPTC7
COQ8A
GADD45GIP1
WDR48
EXOC6
SMARCC2
NPLOC4
SPATA20
GDAP1
NUBPL
SLC35B2
ITFG1
GOLGA5
KLHDC4
ZSCAN18
ETNPPL
RAB3IL1
SLC25A40
PIP4K2C
TBC1D15
RDH11
MRPL30
SLC22A8
NT5C
STT3B
PNPT1
HM13
AGR3
NEK9
SFXN5
GPT2
PLEKHO2
DTX3L
DMXL2
DLG5
BRIX1
GNPDA2
ACMSD
NEK7
MICAL1
ELP5
PANK1
SSH3
TBCK
DCAF11
RHBDD1
GPX8
NUP210
SNX29
GEMIN5
PIGO
GANC
PARD3
PARD3B
IPO4
PPP4R1
GIPC3
WIPF2
ABHD5
SETD7
COG1
CASTOR1
MZB1
ABHD3
SCFD2
SMAP2
ZC3H15
GTF3C2
TBC1D22A
RAB2B
TGFBRAP1
PTPMT1
PDCD6IP
FBLIM1
CHMP7
THEM6
NUDT8
AFG1L
ZFAND2B
LEO1
DCAKD
OSCP1
NUDCD2
TFB1M
STAG1
SCFD1
CANT1
HNRNPLL
PCNP
FAM151A
SPRYD4
ITLN1
MAIP1
LMO7
SLC44A1
ATXN2L
CYGB
GIMAP1
SLC13A3
RTN4IP1
SLC5A11
SELENOM
PRPF31
PALLD
RUFY2
CASKIN2
STON2
PSPC1
SYNE2
ACOT11
GATAD2B
DNAJC9
BRI3BP
THAP4
CTNNBL1
ACOT12
AHCTF1
CTTNBP2
OVCA2
LZIC
SMPDL3A
DDX1
HSD17B8
FAM3C
CPT1B
PSMF1
GBF1
LPIN2
RTF1
NCSTN
TM9SF4
MRPS27
ELMO1
FIG4
TSC1
UBXN4
NDRG1
HSPH1
SEPTIN8
CNOT9
DOCK2
TBC1D5
MYO18A
LARP4B
GCN1
ARHGAP45
DHX38
NUP205
ANKS1A
PXDN
SGCD
PIGK
AKAP1
SORL1
RABGGTA
PTPRU
PRCC
TFG
RYR2
ARPC1A
GTF2H4
RREB1
HDAC2
RDH5
STAM
DPF2
DLG3
TAF15
EVPL
GGH
INPP5D
DDX17
BCL2L2
SEMA4D
APBB2
RAD50
CELF1
OSTF1
ABCC2
UFD1
GLG1
UPF1
COPS5
SMARCC1
SMARCD2
RAB8B
BAD
KHSRP
GCDH
SLCO2A1
TNPO1
ARHGEF2
EMG1
GLMN
USP9X
CUL5
ATP6V0A1
LPP
RBPMS
ART4
MED12
MT1L
ATP2A3
BHMT
RNASE6
PTP4A1
HGD
PHKB
TCEAL3
HPS3
SMARCE1
CAVIN3
MYDGF
TOMM40L
PIGT
IGSF8
RAB24
GFM2
SNX21
NT5C3B
WBP2
NCLN
ERGIC1
TBRG4
MTARC2
PPP1R14A
FAM162A
CCDC47
MRPL24
SYAP1
RERG
EXOC4
ISOC2
FERMT2
FUBP1
LRRC59
VTI1A
ESAM
PBXIP1
RPE
VPS33A
FKBP10
EXOSC8
AKT1S1
SH3KBP1
RNF25
ELMO3
PPWD1
FAM3D
CCDC127
SGK3
COA7
UPRT
PTER
TAMM41
FAM136A
FGGY
EFHD2
GALM
PYCR2
PPP1R14B
NSUN4
FBXL8
PPCDC
CTHRC1
ACSF2
ISOC1
SLC25A36
FAF2
CCDC124
FOXRED1
OPTN
AP2M1
TUBGCP3
KCTD12
GPRASP2
RCN3
NMD3
COQ8B
REPS1
DNAJC19
RMDN1
ECHDC3
NUDT16
CMBL
MSI2
SNRNP40
RMC1
ATG4C
MRPL38
ASB9
ERLEC1
MRRF
YIPF6
SEH1L
KIFBP
GNPNAT1
MRPS24
MRPL53
L3HYPDH
DAZAP1
CCDC51
DNAJA3
MVB12A
MMAB
CYFIP2
SAT2
CNRIP1
MISP3
GALNT14
CPNE2
DTD2
SIPA1
SCRN2
THOC1
CHMP6
PGM2
CERS2
SDSL
MRPL48
CALML4
DCUN1D1
RUSF1
DDX27
MARS2
APIP
SLC41A3
SNF8
SLC25A44
ZC3HAV1L
PEX11G
PDLIM5
CRELD1
ACY3
ERO1A
SFRP2
AHCYL2
OXNAD1
PGAM5
TMEM41A
INTS4
DDRGK1
DHTKD1
SCLY
FUBP3
RBM17
RCC1L
NARS2
SUCLG2
FBXL20
GMPPA
VSIG2
ABHD14B
NGLY1
ATP5MK
THOC3
ITCH
KIRREL1
COG3
CDK5RAP3
VPS39
MAP6
VCPIP1
ELMO2
CHAMP1
CLMN
SERAC1
PDLIM2
BTF3L4
RNF170
USP47
CLPTM1L
SCYL1
ZNF512B
CNDP1
EXOC2
CNDP2
ZFR
SNX27
KIF16B
ATP6V1G3
TRIM47
SENP8
DHRS1
DNAJC30
UBE2E2
RMDN2
FGD4
ZNF512
PCMTD1
HSPA12B
HS6ST2
CCDC43
COG8
MBOAT7
DOCK7
RILP
FAM210A
RPRD1A
AGAP3
ARAP1
SERPINB12
IPO9
MIA2
PGLYRP2
ARHGEF17
MCEE
RBM14
NEDD4L
QKI
PUS7
PLIN4
TRNT1
PPP1R10
FYTTD1
TEFM
RAB3IP
MTMR9
PURB
ACCS
MAGI1
SNX18
GFM1
MCCC1
NUDCD1
FNBP1
SLC22A12
TP53RK
PIGS
WRNIP1
CLCC1
MYADM
PPP1R9B
STRBP
CPXM1
IWS1
OSBPL9
CRBN
INTS14
ADO
RSF1
RBM15
PPP1R16B
NMNAT3
MMS19
NIBAN2
RMDN3
MYCBP
ACOX2
TBCB
PSMB7
CNN2
SEC62
PCYT2
CDC5L
SDF2
PFDN5
PAFAH2
DDO
PARK7
FMO2
NEU1
SORT1
VAT1
LGMN
PLIN2
DNAJC2
NUP88
PKP4
PIK3R4
P2RX4
TSNAX
SEPHS2
EIF3C
TTC1
COPS8
SDHC
CHP1
MAP3K5
MGLL
MTR
KCNJ15
HSD17B10
SEPTIN5
SIGMAR1
HNRNPAB
NAP1L4
NAPG
PIP5K1A
TXN2
MIPEP
TM9SF2
COQ7
SLC29A1
TSG101
CPNE1
CCT7
MYD88
EBNA1BP2
PRMT1
BAG1
AGPAT1
DUSP9
PKP2
SH3GL1
SH3GL2
AKAP9
GAL3ST1
NIPSNAP1
HSD17B14
ARPC5L
RBM4B
ZFYVE21
ELAC2
TRIR
TCF25
ECSIT
WDR77
CYBC1
TUBA1C
MYBBP1A
NUDT12
AIF1L
MGME1
FYCO1
SLC25A21
ACBD6
CORO1B
TXNDC17
CPPED1
VPS25
MRPL45
NUDT16L1
SDF4
PAAF1
PYM1
CHCHD6
AIFM2
ADPGK
UQCC2
MIEN1
TRIM56
ERP44
NIPSNAP3B
AGMAT
TIMM29
TACO1
HDHD3
TUBGCP2
ESYT1
UBAC1
YIPF4
C16orf70
CHCHD5
CNPY3
PSMG3
COPS4
DIDO1
RBM42
DCTN5
MCMBP
ANP32E
LRRC1
PI4K2A
TMEM43
TBCD
NDC1
FUCA2
THTPA
NDUFAF3
TMEM70
ISCA1
TUBB6
HNRNPUL1
MSTO1
PDCD10
DERL1
EFHD1
HTATIP2
DDX23
APOO
BDH2
C1orf50
MRI1
ABHD6
WDR18
VAMP8
ADI1
MECR
EMC6
NTMT1
TUBB2B
MLST8
PBDC1
UTP14A
DUSP23
TMED9
NUP58
SELENOO
DPCD
TIMM21
NUP85
NUDT9
TARS2
ACAT2
RBM4
FUNDC2
RPAP1
SF3B5
SFXN3
CHID1
SLC4A1AP
SORBS1
HINT2
CARD6
STRA6
PLA2G12B
PLVAP
OSBPL11
OSBPL10
NPL
RAB11FIP5
TBC1D10A
C1QTNF5
AMN
BCL2L13
PRX
ASPN
SLC12A9
SRRT
CFHR5
AP1M1
SLC26A6
OSBPL1A
HDHD5
ITPA
HDAC8
EIF2A
PECR
CADM1
POLDIP3
MRPL32
MRPL20
MRPL13
MRPL9
MRPL4
MRPL1
CDHR2
ACE2
NIFK
PARD6B
FAM126A
RBCK1
SRXN1
NLN
AGXT2
CEP41
DOCK9
FRMD8
MRPL37
GTPBP4
ASPSCR1
OSBPL8
UACA
RAB34
WDR11
CRNKL1
TBL1XR1
UBL5
PPP1R12C
NIBAN1
UBXN6
API5
TRIM4
TRIM2
UNK
FTO
ZDHHC5
TNKS1BP1
UBE2O
TANC1
SELENOI
XPO4
LNPK
MTMR12
WDR33
WDR12
YIPF3
TINAGL1
ROGDI
C20orf27
PITHD1
DERL2
COMMD5
WDR61
SRR
NIF3L1
EGLN1
CTDSP1
COA1
MFF
NAA50
LHPP
SLC22A4
MTFR1L
TMEM126A
PAIP1
CLPB
FAM107B
NAT10
KLC2
ILKAP
XRN2
TOLLIP
NT5C3A
CYRIA
TMEM222
QRSL1
GABARAPL1
DDX47
RAB17
MAGT1
RAB1B
MRPL18
LMAN2L
C11orf54
FAM234A
SIL1
METTL9
NUCKS1
TMX4
ASCC2
ISCU
SLC35B3
OSBPL2
DNAJC25
ATG5
WDR13
EHD4
GBA3
VPS33B
VPS16
VPS11
ALDH8A1
SLC26A1
GAN
SLC25A32
TRIOBP
SLK
PPIL3
PDCL3
TAOK3
BHMT2
ADNP
DPH5
DHX36
PPA2
MRPL46
PNN
RHBG
CPVL
C11orf68
GHITM
BOLA2
TXNIP
TMX1
NELFA
ACBD3
TPK1
PTPN23
UNC45A
C1orf198
CHMP4B
RWDD1
RBKS
FN3K
POFUT1
WNK1
RNPEP
GOLPH3L
GOLPH3
EPB41L1
GLIPR2
TRABD
SMDT1
SENP3
OSBPL3
FBXO44
EHD1
PCIF1
ALG2
HEATR1
RABEP2
CDCP1
CIAO2A
BICC1
CCDC134
CIAO3
ACSS3
NOL6
YTHDC2
ESRP2
ALG9
LDAH
RANBP3
PEAK1
RPF2
SMYD3
AAMDC
DOCK5
WDR26
PTGES2
PACC1
UBE2Z
ACAD9
NT5DC2
METTL7A
COQ10B
CNNM2
MINDY3
AKTIP
PLEKHF2
GORASP2
JPT2
SLC25A22
QTRT2
WDR54
ARMT1
CNOT10
SFXN1
VIPAS39
COG4
AGO3
MRPL44
L2HGDH
COPS7B
NHEJ1
CAB39L
ELP3
GPN2
UCK1
FN3KRP
TBC1D17
CARS2
PPCS
NMNAT1
C17orf75
SIAE
PLEKHA5
GNB4
XPO5
GRPEL1
UGT1A7
MYG1
PLEKHA1
SCPEP1
NTN4
CACYBP
RRAGC
TRPV4
ZFYVE1
ATP6V0A4
RHOF
RDH14
PARVB
CYP4F11
CLTRN
AS3MT
TNS1
PLGRKT
NMRAL1
SLC25A19
EML4
ZBTB20
SPON1
MCCC2
NCOA5
MOV10
METTL14
ARHGEF10L
GBA2
SYTL2
VAT1L
GPAM
EPB41L5
SDF2L1
CYP4F12
PREB
ATP13A1
GOPC
MRPL47
LYRM4
SEPSECS
CHMP1A
TM9SF3
APMAP
TXNRD2
ABCB6
ARFGAP3
HMG20A
MLXIPL
ALG13
SSU72
VTA1
PNPLA8
SARS2
NPHS2
MRPS30
EMC7
ENY2
EXOSC4
OSGEP
ACP6
ISYNA1
DCP1A
KCNJ16
ACOT13
MED4
TIMMDC1
RIC8A
CD93
LUC7L
LZTFL1
GPRC5C
TIGAR
C12orf4
A1CF
RTN4
HINT3
RPRD1B
XPNPEP3
KIF13B
XPNPEP1
GPHN
BIN3
UTP3
STARD7
BIRC6
PDLIM7
CD163L1
ACSS2
DIABLO
DDX21
SAR1A
MAN1C1
NANS
EIF2B3
MBNL1
SPHK2
SLC17A5
FBXO6
SH2B1
CTPS2
SDR39U1
AAAS
ABCB10
STRN4
OLFML3
AASDHPPT
UBQLN4
HEBP1
RAB6B
VPS45
MRPL17
PHPT1
SERINC1
ARHGAP35
FAM114A2
AGPAT3
C1GALT1
TOMM22
LANCL2
SLC22A11
HOMER3
SLC6A13
IARS2
KLC4
BMP2K
ATG3
SIRT3
PDS5B
SACM1L
CUTC
SLC35D1
ECHDC1
RBM12
TBC1D22B
ACSS1
DECR2
ABHD10
TCP11L1
STAU2
SHFL
TMEM106B
LMBRD1
LIN7C
AGPAT5
SPATS2L
UFSP2
ABCF3
CYRIB
ABCB8
DDX19A
SPTLC3
TBC1D23
EXOC1
INTS9
TMEM30A
UQCC1
SEPTIN11
PARVA
USP40
PANK4
ETNK2
TBC1D13
EXD2
DNAJC11
TMLHE
ARL8B
DDX18
PNPO
ARMC1
TMEM38B
MTPAP
NECAP2
RBM28
ANO10
RBM22
DMAC2
ARGLU1
SLTM
PIH1D1
RMND1
HIF1AN
OXSM
MRPL22
CZIB
NMRK1
THG1L
UCKL1
FAM120C
COMMD8
NDUFB11
MRPL16
NHP2
OCIAD1
ADPRS
MARCHF5
HYPK
BPNT2
CHCHD3
SIRT5
MIOS
MTMR10
SMPD4
TEX10
THUMPD1
PGPEP1
BABAM2
ARL15
CDKN2AIP
DNAJB12
GAR1
STAB1
PPP4R2
DPP3
TUBA8
ABI2
COA4
MRPL39
MAP3K20
TMOD3
HAO2
CELSR1
NKIRAS2
UGGT2
UGGT1
FASTKD2
TECR
ERAP1
ACTR10
USE1
CISD1
CLIC5
FAM120A
GDE1
GLTP
SPG21
UBP1
COQ3
MTCH1
NUDT4
MYOF
ITSN2
EHD3
EHD2
ARHGEF12
CNOT2
NCKIPSD
TMOD2
LMCD1
CRIM1
MPP6
CHMP5
COMMD9
MRPL15
THYN1
NDUFAF4
HACD3
EMC3
PDP1
RAI14
VAPA
MACROH2A2
MRPL27
COX16
TMEM14C
SEPTIN10
PIPOX
ABRACL
VPS18
RCC2
RELCH
DIP2B
SLAIN2
ARMCX1
COPZ2
PTGFRN
CTTNBP2NL
HEATR5B
RRBP1
CPSF2
KLHL9;KLHL13
MYEF2
CGN
RBM27
ANKFY1
SUCLA2
GMPR2
STX18
UVRAG
ATXN10
MBD2
TFIP11
EPS15L1
RHCG
SAE1
COPG2
RNF7
PI4KB
MRC2
COMMD3
GNG12
RABL2A;RABL2B
ASH2L
DHCR7
HDAC6
VPS29
EIF3K
UPB1
CTSZ
DNAJB11
RNF14
UBA2
FAM8A1
NXF1
SEL1L
PEF1
COPS7A
CTSF
SLC25A10
FBLN5
AASS
CLIP2
MTFP1
MALT1
CFDP1
VTI1B
STK39
ADD3
NIPSNAP3A
CGGBP1
PISD
MIOX
MTRF1L
TES
SERGEF
WARS2
LIMD1
SEC63
NDRG3
ARMCX3
SWAP70
LAMTOR3
LIMA1
SRP68
CHORDC1
TBK1
SEPTIN9
UBQLN2
DCDC2
PCYOX1
SLC7A8
SLC23A1
SHPK
AMACR
POLG2
CYB5R1
SAP30BP
PFDN2
SLC12A6
PUF60
NRBP1
ENOPH1
EVL
NDUFA12
EIF2B4
ATP6V1H
TAGLN3
DMGDH
XPO7
LCMT1
VPS51
BAZ1B
AK3
LNPEP
MBD1
CNOT7
RABGEF1
MSRA
NAGK
HACL1
HOOK1
RASAL2
SLC25A13
DBNL
PURG
DDX41
DCTN4
TINAG
CDC23
ANAPC5
ANAPC4
HSPB8
GGA2
GGA1
STOML2
FBXO2
LSM7
SERPINA10
DBR1
TASOR
JPT1
PTBP2
DNAJC12
CPSF3
PITPNC1
APPL1
CROT
PARP4
NUDT5
RCOR1
MAN1B1
RALY
GTF3C4
PACSIN3
ACSL6
ACAD8
AMFR
AGO2
ITGA11
NUP50
CDV3
CNOT11
BAG5
AGO1
RAB21
RAB22A
TRAPPC2L
PNMA3
PSME2
DNPEP
RAB23
MCTS1
ACSL5
OGDHL
PALD1
MED23
TBC1D24
STRIP2
TPCN1
ISY1
PPM1H
TMCC3
HECTD1
MYO5B
CORO1C
AKAP8L
PYCARD
TMCO1
EPDR1
MYO6
DDX19B
NFU1
PRPF19
SYNPO2
UBQLN1
NENF
SNX12
SYNRG
NDRG2
VPS4A
G3BP2
STUB1
PACSIN2
MAGED2
SNX7
SNX6
STX8
PSMD13
FAF1
COPS3
MINPP1
NOVA2
RPL26L1
WDR3
NSFL1C
COG5
SLC12A4
MACF1
SCAF8
LIMCH1
AGAP1
EXOC7
USP24
SHANK2
WASF3
MAPRE3
THSD7A
CORO2B
DHDH
SRRM2
PA2G4
SPG7
BAIAP2
SMC3
HDAC5
CHMP2B
MTMR6
GNE
RTRAF
SLC22A13
RUVBL2
LIPT1
CLEC11A
HIGD1A
CHKB
EIF3L
PLAA
RUVBL1
NUDC
BCS1L
VDAC3
VSIG4
CFL2
ERGIC3
FARSA
ITM2B
DRG1
TRAPPC4
NCKAP1
CNPY2
EXOG
CA5B
EXOC6B
AKAP2
DIP2C
ATP11B
POFUT2
DNAJC16
STK38L
PLEKHA6
FNDC3A
NISCH
WDR37
EPB41L3
PADI2
SIK3
DIS3
TRAPPC8
LRCH1
RCL1
GSTK1
LAMTOR2
MRPS28
COA3
MRPS17
MRPS7
CRYL1
POLDIP2
AP3M1
GDA
LEMD3
CARHSP1
COG6
WBP11
NOP58
GIT1
MTO1
YARS2
COQ6
ACOT9
NOSIP
DERA
MEMO1
LSM2
SNX24
STARD10
SH3GLB1
NDUFAF1
CAB39
LUC7L2
MRPS2
COQ4
MOB4
SBDS
TMED5
EXOSC1
TMED7
SF3B6
MRPL11
REXO2
WASHC3
NOP16
TPRKB
PPIL1
UFC1
MSRB2
MRPS16
FIS1
PAM16
MRPS23
GOLT1B
HDGFL3
BOLA1
PTRH2
STRAP
RTCB
FBXO7
RAP2C
RABGAP1
NAALAD2
TMED3
DOP1B
RPL36
CHTOP
SAMHD1
HBS1L
CMAHP
PRKAB1
WDR45
DMXL1
ATP6V0A2
TLN1
KIF3A
TRRAP
DCAF1
WDR7
USP15
FARP1
TLN2
MYO5A
LOXL2
CRYBG1
HYOU1
ATG4B
TBL2
WIPI2
TELO2
LAS1L
AFG3L2
ARIH1
LSM4
RNF114
SAMM50
PRRC2C
OARD1
PPME1
TIMM22
NUB1
YTHDF2
PAXBP1
SUPT16H
TIMM9
TIMM8B
CD2AP
ATP6V1D
TNPO3
TIMM13
SRPRB
CERT1
GMPPB
GTF3C5
GTF3C3
TRAPPC1
CDC42BPB
RBM8A
ZNF706
WIF1
SNX14
SNX11
SNX9
SNX8
SNX5
NUBP2
PEX16
ST14
HEBP2
CSAD
PUS1
LRRFIP2
FHOD1
F11R
GPC6
NPTN
ADGRG1
SPIN1
SLC12A7
ALG5
MRPS18B
COPG1
AUP1
FKBP7
SLC22A7
CLIC4
NFS1
CFAP20
SAR1B
EMILIN1
MTCH2
ARFGEF2
ARFGEF1
STK24
BZW2
PARP3
MRPL42
COMMD10
DYNC1LI1
CHCHD2
ATP23
EPN1
TEX264
CEPT1
OAS3
IGF2BP2
SLC30A1
NDUFB9
COX11
SQOR
AP1M2
NUMBL
SLC4A4
SCIN
WASF2
FAM169A
ENPP4
IVNS1ABP
SEC23IP